{
  "Logistic Regression": {
    "roc_auc": 0.6382655001901864,
    "f1": 0.3764705882352941,
    "precision": 0.2782608695652174,
    "recall": 0.5818181818181818,
    "cv_mean_auc": 0.6170281622307945,
    "cv_std_auc": 0.038072736358890316,
    "confusion_matrix": [
      [
        156,
        83
      ],
      [
        23,
        32
      ]
    ],
    "fpr": [
      0.0,
      0.0,
      0.008368200836820083,
      0.008368200836820083,
      0.016736401673640166,
      0.016736401673640166,
      0.03347280334728033,
      0.03347280334728033,
      0.058577405857740586,
      0.058577405857740586,
      0.06694560669456066,
      0.06694560669456066,
      0.07531380753138076,
      0.07531380753138076,
      0.09623430962343096,
      0.09623430962343096,
      0.1087866108786611,
      0.1087866108786611,
      0.11715481171548117,
      0.11715481171548117,
      0.1297071129707113,
      0.1297071129707113,
      0.17154811715481172,
      0.17154811715481172,
      0.17573221757322174,
      0.17573221757322174,
      0.1799163179916318,
      0.1799163179916318,
      0.2175732217573222,
      0.2175732217573222,
      0.22594142259414227,
      0.22594142259414227,
      0.2510460251046025,
      0.2510460251046025,
      0.27615062761506276,
      0.27615062761506276,
      0.3054393305439331,
      0.3054393305439331,
      0.3472803347280335,
      0.3472803347280335,
      0.35564853556485354,
      0.35564853556485354,
      0.3807531380753138,
      0.3807531380753138,
      0.4100418410041841,
      0.4100418410041841,
      0.42677824267782427,
      0.42677824267782427,
      0.4351464435146444,
      0.4351464435146444,
      0.5523012552301255,
      0.5523012552301255,
      0.5941422594142259,
      0.5941422594142259,
      0.6108786610878661,
      0.6108786610878661,
      0.6234309623430963,
      0.6234309623430963,
      0.6527196652719666,
      0.6527196652719666,
      0.7531380753138075,
      0.7531380753138075,
      0.7698744769874477,
      0.7698744769874477,
      0.8410041841004184,
      0.8410041841004184,
      0.8828451882845189,
      0.8828451882845189,
      0.899581589958159,
      0.899581589958159,
      0.9372384937238494,
      0.9372384937238494,
      0.9456066945606695,
      0.9456066945606695,
      0.9748953974895398,
      0.9748953974895398,
      1.0
    ],
    "tpr": [
      0.0,
      0.01818181818181818,
      0.01818181818181818,
      0.03636363636363636,
      0.03636363636363636,
      0.09090909090909091,
      0.09090909090909091,
      0.10909090909090909,
      0.10909090909090909,
      0.12727272727272726,
      0.12727272727272726,
      0.14545454545454545,
      0.14545454545454545,
      0.16363636363636364,
      0.16363636363636364,
      0.21818181818181817,
      0.21818181818181817,
      0.23636363636363636,
      0.23636363636363636,
      0.2909090909090909,
      0.2909090909090909,
      0.3090909090909091,
      0.3090909090909091,
      0.36363636363636365,
      0.36363636363636365,
      0.38181818181818183,
      0.38181818181818183,
      0.41818181818181815,
      0.41818181818181815,
      0.43636363636363634,
      0.43636363636363634,
      0.4727272727272727,
      0.4727272727272727,
      0.4909090909090909,
      0.4909090909090909,
      0.5272727272727272,
      0.5272727272727272,
      0.5636363636363636,
      0.5636363636363636,
      0.5818181818181818,
      0.5818181818181818,
      0.6,
      0.6,
      0.6181818181818182,
      0.6181818181818182,
      0.6363636363636364,
      0.6363636363636364,
      0.6727272727272727,
      0.6727272727272727,
      0.6909090909090909,
      0.6909090909090909,
      0.7090909090909091,
      0.7090909090909091,
      0.7454545454545455,
      0.7454545454545455,
      0.7636363636363637,
      0.7636363636363637,
      0.7818181818181819,
      0.7818181818181819,
      0.8181818181818182,
      0.8181818181818182,
      0.8545454545454545,
      0.8545454545454545,
      0.8909090909090909,
      0.8909090909090909,
      0.9090909090909091,
      0.9090909090909091,
      0.9272727272727272,
      0.9272727272727272,
      0.9454545454545454,
      0.9454545454545454,
      0.9636363636363636,
      0.9636363636363636,
      0.9818181818181818,
      0.9818181818181818,
      1.0,
      1.0
    ]
  },
  "Random Forest": {
    "roc_auc": 0.6702928870292887,
    "f1": 0.21212121212121213,
    "precision": 0.6363636363636364,
    "recall": 0.12727272727272726,
    "cv_mean_auc": 0.6306856548330622,
    "cv_std_auc": 0.052869675065232095,
    "confusion_matrix": [
      [
        235,
        4
      ],
      [
        48,
        7
      ]
    ],
    "fpr": [
      0.0,
      0.0,
      0.0,
      0.016736401673640166,
      0.016736401673640166,
      0.02510460251046025,
      0.02510460251046025,
      0.029288702928870293,
      0.029288702928870293,
      0.04602510460251046,
      0.04602510460251046,
      0.06694560669456066,
      0.06694560669456066,
      0.09205020920502092,
      0.09205020920502092,
      0.100418410041841,
      0.100418410041841,
      0.10460251046025104,
      0.10460251046025104,
      0.11297071129707113,
      0.11297071129707113,
      0.11715481171548117,
      0.11715481171548117,
      0.1297071129707113,
      0.1297071129707113,
      0.16317991631799164,
      0.16317991631799164,
      0.24686192468619247,
      0.24686192468619247,
      0.2510460251046025,
      0.2510460251046025,
      0.25523012552301255,
      0.25523012552301255,
      0.2594142259414226,
      0.2594142259414226,
      0.26359832635983266,
      0.26359832635983266,
      0.28451882845188287,
      0.28451882845188287,
      0.33472803347280333,
      0.33472803347280333,
      0.38493723849372385,
      0.38493723849372385,
      0.39748953974895396,
      0.39748953974895396,
      0.401673640167364,
      0.401673640167364,
      0.4100418410041841,
      0.4100418410041841,
      0.41422594142259417,
      0.41422594142259417,
      0.4393305439330544,
      0.4393305439330544,
      0.4476987447698745,
      0.4476987447698745,
      0.4560669456066946,
      0.4560669456066946,
      0.4602510460251046,
      0.4602510460251046,
      0.46443514644351463,
      0.46443514644351463,
      0.4769874476987448,
      0.4769874476987448,
      0.4811715481171548,
      0.4811715481171548,
      0.5146443514644351,
      0.5146443514644351,
      0.5188284518828452,
      0.5188284518828452,
      0.5774058577405857,
      0.5774058577405857,
      0.6108786610878661,
      0.6108786610878661,
      0.6192468619246861,
      0.6192468619246861,
      0.6485355648535565,
      0.6485355648535565,
      0.6820083682008368,
      0.6820083682008368,
      0.702928870292887,
      0.702928870292887,
      0.7154811715481172,
      0.7154811715481172,
      0.7615062761506276,
      0.7615062761506276,
      0.803347280334728,
      0.803347280334728,
      0.8451882845188284,
      0.8451882845188284,
      1.0
    ],